{
  "total_runs": 50,
  "successful_runs": 30,
  "fidelities": [
    1.0,
    1.0,
    1.0,
    1.0,
    1.0,
    1.0,
    1.0,
    0.0,
    1.0,
    0.0,
    1.0,
    0.004486411247391857,
    1.0,
    0.0,
    1.0,
    1.0,
    1.0,
    1.0,
    0.004486411247391857,
    0.011415834825817496,
    0.0,
    0.011415834825817496,
    0.011415834825817496,
    1.0,
    0.0,
    0.0,
    0.0,
    0.0,
    0.0,
    0.011415834825817496
  ],
  "success_rate": 0.6,
  "average_fidelity": 0.5018212053932685,
  "std_deviation": 0.49819092308873775,
  "timestamp": "2025-04-14 01:00:40",
  "min_fidelity": 0.0,
  "max_fidelity": 1.0
}