{
  "total_runs": 50,
  "successful_runs": 19,
  "fidelities": [
    1.0,
    1.0,
    1.0,
    0.0,
    0.0,
    1.0,
    0.0,
    1.0,
    1.0,
    0.0,
    0.0,
    1.0,
    1.0,
    1.0,
    1.0,
    1.0,
    1.0,
    1.0,
    1.0
  ],
  "success_rate": 0.38,
  "average_fidelity": 0.7368421052631579,
  "std_deviation": 0.44034738238635557,
  "timestamp": "2025-04-07 19:05:18",
  "min_fidelity": 0.0,
  "max_fidelity": 1.0
}